GrainType,ID,Area,Perimeter,Circularity,IsOutlier
Japonais,0,1986,167.323,0.891406,0
Japonais,1,2082.5,172.803,0.876382,0
Japonais,2,2141.5,175.736,0.871377,0
Japonais,3,2044.5,172.433,0.864089,0
Japonais,4,2118.5,176.452,0.855036,0
Japonais,5,2260.5,181.02,0.866882,0
Japonais,6,2362.5,186.785,0.85094,0
Japonais,7,1797.5,164.723,0.832472,0
Japonais,8,2013.5,171.362,0.861657,0
Japonais,9,2032.5,172.741,0.855948,0
Japonais,10,2023.5,170.057,0.879276,0
Japonais,11,2301.5,182.862,0.864917,0
Japonais,12,1925.5,166.25,0.875446,0
Japonais,13,2243,180.107,0.868913,0
Japonais,14,2159.5,176.557,0.870552,0
Japonais,15,1781,161.983,0.852976,0
Japonais,16,1924.5,166.919,0.867994,0
Japonais,17,2267.5,180.852,0.871188,0
Japonais,18,2074,174.931,0.851698,0
Japonais,19,2229,180.99,0.855092,0
Japonais,20,2148,175.699,0.874387,0
Japonais,21,2083.5,174.49,0.859932,0
Japonais,22,2174.5,175.565,0.886529,0
Japonais,23,2195.5,177.785,0.872872,0
Japonais,24,2087.5,173.679,0.869649,0
Japonais,25,2035,174.012,0.844533,0
Japonais,26,1758.5,162.944,0.832291,0
Japonais,27,2252.5,181.093,0.863122,0
Japonais,28,2020.5,172.099,0.857262,0
Japonais,29,2014,172.497,0.850559,0
Japonais,30,1923,166.543,0.871236,0
Japonais,31,1814.5,166.185,0.825624,0
Japonais,32,2154.5,177.701,0.857387,0
Japonais,33,2151.5,175.568,0.877124,0
Japonais,34,1923.5,165.552,0.88193,0
Japonais,35,1966,169.684,0.858048,0
Japonais,36,1839.5,160.649,0.895685,0
Japonais,37,2181,179.136,0.854078,0
Japonais,38,2114,175.209,0.865373,0
Japonais,39,2105.5,174.818,0.865748,0
Japonais,40,1997,173.65,0.832216,0
Japonais,41,1998.5,171.327,0.855584,0
Japonais,42,2135.5,177.75,0.849361,0
Japonais,43,1952.5,171.6,0.833236,0
Japonais,44,2148,174.359,0.887883,0
Japonais,45,1789,168.791,0.789081,0
Japonais,46,2030.5,173.725,0.845447,0
Japonais,47,2142.5,179.926,0.831651,0
Japonais,48,1777.5,164.517,0.825272,0
Japonais,49,2178.5,177.859,0.865401,0
Japonais,50,1885,164.229,0.878262,0
Japonais,51,2100,175.162,0.860104,0
Japonais,52,2107.5,175.247,0.862333,0
Japonais,53,2299.5,186.681,0.829167,0
Japonais,54,1971,170.151,0.855511,0
Japonais,55,2160.5,177.874,0.858104,0
Japonais,56,2004,168.743,0.884416,0
Japonais,57,2093.5,174.357,0.865376,0
Japonais,58,2088,173.821,0.868431,0
Japonais,59,1870.5,171.624,0.798015,0
Japonais,60,2143,177.528,0.854472,0
Japonais,61,1925.5,167.091,0.866662,0
Japonais,62,1894.5,164.922,0.875277,0
Japonais,63,1930,165.676,0.883582,0
Japonais,64,1883.5,168.754,0.831126,0
Japonais,65,1764.5,158.891,0.87828,0
Japonais,66,2134,176.347,0.862319,0
Japonais,67,2113,175.986,0.85734,0
Japonais,68,2149.5,177.916,0.853326,0
Japonais,69,2009.5,173.466,0.839204,0
Japonais,70,1772,158.126,0.89057,0
Japonais,71,1967.5,173.635,0.820067,0
Japonais,72,2133,175.535,0.869904,0
Japonais,73,2216.5,180.939,0.850771,0
Japonais,74,1889,165.369,0.868025,0
Japonais,75,2175.5,181.445,0.830386,0
Japonais,76,2026.5,172.428,0.856531,0
Japonais,77,2028,174.405,0.837839,0
Japonais,78,2007.5,173.8,0.835148,0
Japonais,79,2069.5,173.774,0.861203,0
Japonais,80,2073.5,169.731,0.904464,0
Japonais,81,1993.5,172.569,0.841202,0
Japonais,82,2084.5,174.016,0.865032,0
Japonais,83,2278,181.421,0.869738,0
Japonais,84,2151.5,174.941,0.883421,0
Japonais,85,1960,167.097,0.882117,0
Japonais,86,2184.5,177.428,0.871998,0
Japonais,87,1955,167.524,0.875393,0
Japonais,88,2112,174.184,0.874761,0
Japonais,89,1895.5,167.078,0.853287,0
Japonais,90,2074,174.621,0.854719,0
Japonais,91,1987,171.31,0.850831,0
Japonais,92,2111,177.065,0.846117,0
Japonais,93,1929.5,168.789,0.851072,0
Japonais,94,2006,174.49,0.827946,0
Japonais,95,2164.5,175.244,0.885687,0
Japonais,96,2012.5,171.869,0.856148,0
Japonais,97,2045.5,174.898,0.840311,0
Japonais,98,1954,169.307,0.856608,0
Japonais,99,2147,175,0.880983,0
Japonais,100,1726,159.645,0.851024,0
Japonais,101,2291,183.66,0.853507,0
Japonais,102,2063,173.875,0.8575,0
Japonais,103,1772.5,164.137,0.826765,0
Japonais,104,2278,183.018,0.854622,0
Japonais,105,1784,160.736,0.867719,0
Japonais,106,2145.5,175.792,0.872452,0
Japonais,107,2271,182.746,0.854533,0
Japonais,108,1848,162.664,0.877665,0
Japonais,109,2171,172.407,0.917825,0
Japonais,110,2002.5,169.554,0.875323,0
Japonais,111,2225.5,178.093,0.881747,0
Japonais,112,2155,174.537,0.888958,0
Japonais,113,2154.5,176.311,0.870957,0
Japonais,114,1921.5,163.973,0.898061,0
Japonais,115,1998.5,168.051,0.889262,0
Japonais,116,2052.5,174.684,0.845255,0
Japonais,117,2359.5,186.208,0.855136,0
Japonais,118,1826.5,167.029,0.822711,0
Japonais,119,1755.5,163.428,0.825961,0
Japonais,120,2166,180.865,0.832071,0
Japonais,121,2049.5,173.003,0.860499,0
Japonais,122,2105,179.095,0.824698,0
Japonais,123,2021.5,172.165,0.857029,0
Japonais,124,2253,181.298,0.861359,0
Japonais,125,2002.5,171.915,0.851442,0
Japonais,126,2019,171.729,0.860316,0
Japonais,127,2004.5,170.538,0.866115,0
Japonais,128,2002,169.717,0.873418,0
Japonais,129,1855,167.709,0.828784,0
Japonais,130,1983,174.408,0.819216,0
Japonais,131,2146,178.487,0.846502,0
Japonais,132,2020,169.169,0.886996,0
Japonais,133,2057,178.784,0.808695,0
Japonais,134,2220.5,179.425,0.866754,0
Japonais,135,2097,173.275,0.87768,0
Japonais,136,2103.5,174.472,0.868364,0
Japonais,137,2005.5,174.611,0.826588,0
Basmati,0,2194.5,225.132,0.544089,0
Basmati,1,2439.5,242.127,0.522906,0
Basmati,2,2445,247.497,0.501591,0
Basmati,3,2467.5,253.451,0.482702,0
Basmati,4,2160,217.568,0.573421,0
Basmati,5,2320.5,239.485,0.508432,0
Basmati,6,1750.5,216.644,0.468683,0
Basmati,7,2501.5,239.975,0.545854,0
Basmati,8,2530.5,257.199,0.480706,0
Basmati,9,2288,233.719,0.526353,0
Basmati,10,2528,243.243,0.536916,0
Basmati,11,2727.5,260.585,0.504751,0
Basmati,12,2468,242.721,0.526431,0
Basmati,13,2333.5,244.547,0.490335,0
Basmati,14,2386.5,240.382,0.518998,0
Basmati,15,2492,234.377,0.570069,0
Basmati,16,2586.5,245.787,0.538027,0
Basmati,17,2447.5,250.712,0.489308,0
Basmati,18,2225.5,229.904,0.52911,0
Basmati,19,2349,251.868,0.465316,0
Basmati,20,1989.5,239.305,0.436568,0
Basmati,21,2305.5,239.489,0.505129,0
Basmati,22,2379,242.21,0.50959,0
Basmati,23,2127,228.142,0.513532,0
Basmati,24,2466.5,245.961,0.51234,0
Basmati,25,2336.5,222.871,0.591113,0
Basmati,26,2182.5,219.399,0.569765,0
Basmati,27,2154.5,208.727,0.62144,0
Basmati,28,2252.5,225.04,0.558928,0
Basmati,29,2412,242.633,0.514856,0
Basmati,30,2497.5,242.907,0.531907,0
Basmati,31,2480.5,244.664,0.520727,0
Basmati,32,2976.5,270.957,0.509467,0
Basmati,33,3897.5,314.835,0.494118,1
Basmati,34,2082,215.404,0.563876,0
Basmati,35,2464.5,250.599,0.493152,0
Basmati,36,2389.5,242.813,0.5093,0
Basmati,37,1957.5,210.424,0.555548,0
Basmati,38,2520.5,254.26,0.489937,0
Basmati,39,2351.5,252.957,0.461808,0
Basmati,40,2612,244.422,0.549419,0
Basmati,41,2424.5,234.977,0.5518,0
Basmati,42,2414.5,249.04,0.489214,0
Basmati,43,1178.5,146.095,0.693852,1
Basmati,44,2802.5,273.043,0.472381,0
Basmati,45,2279.5,239.716,0.498488,0
Basmati,46,2473,251.646,0.490744,0
Basmati,47,2740.5,249.654,0.552539,0
Basmati,48,2057.5,226.82,0.502557,0
Basmati,49,2230.5,231.487,0.523068,0
Basmati,50,2274,227.211,0.553532,0
Basmati,51,2137,238.407,0.472471,0
Basmati,52,2237,237.299,0.499212,0
Basmati,53,2247.5,248.162,0.458605,0
Basmati,54,2458,242.941,0.523348,0
Basmati,55,2338.5,212.85,0.648634,0
Basmati,56,2622,255.69,0.503982,0
Basmati,57,2004.5,225.651,0.494699,0
Basmati,58,2082,229.111,0.498422,0
Basmati,59,2296.5,235.114,0.522058,0
Basmati,60,2178,237.49,0.485263,0
Basmati,61,1999,204.394,0.60129,0
Basmati,62,2543.5,249.04,0.51535,0
Basmati,63,2300,250.583,0.460294,0
Basmati,64,2464.5,254.033,0.47991,0
Basmati,65,2161.5,229.56,0.515435,0
Basmati,66,2889,274.327,0.482415,0
Basmati,67,1762.5,205.332,0.525321,0
Basmati,68,2573,248.592,0.523209,0
Basmati,69,1516,172.534,0.639972,0
Basmati,70,2244.5,229.088,0.537434,0
Basmati,71,1917.5,220.379,0.49614,0
Basmati,72,1855,214.979,0.504383,0
Basmati,73,2306.5,238.309,0.510368,0
Basmati,74,2227.5,232.21,0.519116,0
Basmati,75,2521.5,223.963,0.63171,0
Basmati,76,2297,241.155,0.496337,0
Basmati,77,2666,229.647,0.635258,0
Basmati,78,2303.5,232.413,0.53589,0
Basmati,79,1425,159.771,0.701505,1
Basmati,80,2133,236.322,0.479945,0
Basmati,81,2252.5,239.01,0.495498,0
Basmati,82,1025.5,134.53,0.712043,1
Basmati,83,2130,217.574,0.565424,0
Basmati,84,2419.5,243.483,0.512859,0
Basmati,85,2470.5,243.815,0.522244,0
Basmati,86,984.5,137.497,0.654398,1
Basmati,87,1607.5,189.834,0.560548,0
Basmati,88,2352.5,227.099,0.573205,0
Basmati,89,2245,236.441,0.504638,0
Basmati,90,2690,253.6,0.525609,0
Basmati,91,1920.5,210.764,0.54329,0
Basmati,92,2460,243.327,0.522113,0
Basmati,93,2364,250.096,0.474945,0
Basmati,94,2274,225.976,0.5596,0
Basmati,95,2444,236.787,0.547765,0
Basmati,96,2038.5,215.051,0.55391,0
Basmati,97,2323.5,237.287,0.518566,0
Basmati,98,2389.5,234.058,0.548111,0
Basmati,99,2433.5,236.897,0.544908,0
Basmati,100,2234,233.995,0.51272,0
Basmati,101,2765.5,235.109,0.628704,0
Basmati,102,2436.5,236.488,0.547468,0
Basmati,103,2021,216.846,0.540097,0
Basmati,104,2277,236.087,0.513366,0
Basmati,105,1554,173.741,0.646931,0
Basmati,106,2322.5,242.55,0.496093,0
Basmati,107,1803.5,199.712,0.56822,0
Basmati,108,2637.5,252.656,0.519212,0
Basmati,109,1885,214.09,0.516808,0
Basmati,110,1974.5,220.343,0.511055,0
Basmati,111,2123.5,227.397,0.516049,0
Basmati,112,2046,225.109,0.507375,0
Basmati,113,1947,225.349,0.481799,0
Basmati,114,1901,214.27,0.520318,0
Basmati,115,1849.5,218.804,0.48546,0
Basmati,116,862.5,125.02,0.69344,1
Basmati,117,2400.5,238.764,0.529142,0
Basmati,118,796.5,114.75,0.760132,1
Basmati,119,2363,234.704,0.539053,0
Basmati,120,2503,249.521,0.505193,0
Basmati,121,1846.5,206.989,0.541581,0
Basmati,122,2089.5,213.931,0.573725,0
Basmati,123,935,125.385,0.747365,1
Camargue,0,2987.5,230.508,0.706555,0
Camargue,1,2944.5,217.367,0.78313,0
Camargue,2,2754,211.086,0.776705,0
Camargue,3,2812.5,214.075,0.771207,0
Camargue,4,2560,217.097,0.68256,0
Camargue,5,3124,228.19,0.753922,0
Camargue,6,3043,226.142,0.74774,0
Camargue,7,3154,230.258,0.747554,0
Camargue,8,2612,207.774,0.760325,0
Camargue,9,2503,220.242,0.64844,0
Camargue,10,2966,222.825,0.750679,0
Camargue,11,2887.5,216.177,0.776449,0
Camargue,12,2641,212.607,0.734216,0
Camargue,13,3278.5,237.989,0.727398,0
Camargue,14,2396,201.382,0.742428,0
Camargue,15,2690.5,214.328,0.736014,0
Camargue,16,2718.5,225.25,0.673304,0
Camargue,17,3368.5,238.029,0.747112,0
Camargue,18,1549.5,151.679,0.846349,1
Camargue,19,2386.5,205.101,0.712909,0
Camargue,20,2567.5,210.297,0.729549,0
Camargue,21,1151.5,126.702,0.901374,1
Camargue,22,3004,222.25,0.764232,0
Camargue,23,2045,184.744,0.752947,0
Camargue,24,2484.5,205.273,0.740944,0
Camargue,25,2811.5,218.255,0.741685,0
Camargue,26,2553,215.907,0.688219,0
Camargue,27,2683.5,212.082,0.749731,0
Camargue,28,2447.5,213.966,0.671808,0
Camargue,29,2973,221.002,0.764917,0
Camargue,30,2661.5,220.876,0.68555,0
Camargue,31,1133.5,125.113,0.909964,1
Camargue,32,3011.5,226.203,0.739601,0
Camargue,33,2990.5,224.326,0.746784,0
Camargue,34,2945,224.098,0.736919,0
Camargue,35,2663.5,222.623,0.675341,0
Camargue,36,2588.5,214.249,0.708634,0
Camargue,37,3152,232.208,0.734583,0
Camargue,38,2817,228.649,0.677109,0
Camargue,39,2443.5,203.709,0.739946,0
Camargue,40,2514,210.228,0.714816,0
Camargue,41,3187.5,227.986,0.770623,0
Camargue,42,2993,225.223,0.741463,0
Camargue,43,1749.5,160.884,0.849371,0
Camargue,44,2724.5,227.881,0.659298,0
Camargue,45,889.5,117.948,0.80348,1
Camargue,46,1286,139.096,0.83526,1
Camargue,47,3011.5,223.643,0.756631,0
Camargue,48,3075.5,248.045,0.62815,0
Camargue,49,2907,225.013,0.721508,0
Camargue,50,2424.5,211.594,0.680496,0
Camargue,51,2970.5,219.423,0.775306,0
Camargue,52,3335.5,237.835,0.741002,0
Camargue,53,2791,214.646,0.761242,0
Camargue,54,2851,226.31,0.699521,0
Camargue,55,2710,217.656,0.718847,0
Camargue,56,3269.5,238.17,0.724299,0
Camargue,57,3192,233.756,0.734084,0
Camargue,58,2420.5,208.847,0.697365,0
Camargue,59,2975.5,225.035,0.73836,0
Camargue,60,3160,230.442,0.747778,0
Camargue,61,2937.5,223.064,0.74187,0
Camargue,62,2998,231.884,0.70065,0
Camargue,63,3074.5,229.02,0.736607,0
Camargue,64,2213,212.247,0.617316,0
Camargue,65,2337.5,191.588,0.800247,0
Camargue,66,2884.5,221.685,0.737579,0
Camargue,67,2844,213.984,0.78051,0
Camargue,68,2985,224.726,0.742759,0
Camargue,69,3288.5,237.701,0.731385,0
Camargue,70,3034.5,225.012,0.753159,0
Camargue,71,2367.5,197.423,0.763314,0
Camargue,72,2334,215.131,0.63373,0
Camargue,73,2849.5,218.647,0.749014,0
Camargue,74,1766.5,178.78,0.694518,0
Camargue,75,2355.5,198.25,0.753127,0
Camargue,76,2991,224.683,0.744539,0
Camargue,77,3098,228.156,0.747874,0
Camargue,78,2449.5,228.567,0.589199,0
Camargue,79,2139,194.568,0.710029,0
Camargue,80,2947,225.338,0.729323,0
Camargue,81,3139,262.229,0.573638,0
Camargue,82,3046.5,227.219,0.741521,0
Camargue,83,3037,222.873,0.768314,0
Camargue,84,2950.5,224.42,0.736174,0
Camargue,85,3365.5,237.231,0.751476,0
Camargue,86,1044.5,121.022,0.896163,1
Camargue,87,2455.5,211.362,0.690713,0
Camargue,88,2570.5,210.001,0.732465,0
Camargue,89,2800,223.552,0.704062,0
Camargue,90,2831.5,224.191,0.707927,0
Camargue,91,3125,226.07,0.768378,0
Camargue,92,2696,212.403,0.750944,0
Camargue,93,2385,208.982,0.686249,0
Camargue,94,2206.5,205.118,0.659033,0
Camargue,95,2376.5,202.562,0.72783,0
Camargue,96,3144.5,230.731,0.742252,0
Camargue,97,3040,228.303,0.732928,0
Camargue,98,3210,228.41,0.773185,0
Camargue,99,2961,227.602,0.718286,0
Camargue,100,2634,233.83,0.605375,0
Camargue,101,2915,218.632,0.76634,0
Camargue,102,2720.5,214.859,0.740544,0
Camargue,103,2922,221.107,0.751077,0
Camargue,104,2803.5,212.139,0.782837,0
Camargue,105,2429.5,205.504,0.722912,0
Camargue,106,3078,225.387,0.761413,0
Camargue,107,2786.5,216.153,0.749454,0
Camargue,108,909.5,112.197,0.907927,1
Camargue,109,2633.5,213.526,0.725842,0
Camargue,110,2857,214.121,0.783075,0
Camargue,111,1395,149.959,0.779539,1
